{
  "uid" : "4b4757e66a1912dae1a509f688f20b0f",
  "name" : "categories",
  "children" : [ {
    "name" : "Test defects",
    "children" : [ {
      "name" : "IndexError: list index out of range",
      "children" : [ {
        "name" : "test_case_temple[D:\\肖畅工作\\ChuanchengProjecrs\\buyer_api_order\\yaml_test_api\\order.yaml-test_true_OrderQueue]",
        "uid" : "2aae00a04bbae99e",
        "parentUid" : "cbf21ee610ffd376e0ce643a364ade80",
        "status" : "broken",
        "time" : {
          "start" : 1641872858021,
          "stop" : 1641872858063,
          "duration" : 42
        },
        "flaky" : false,
        "newFailed" : false,
        "parameters" : [ "'test_true_OrderQueue'", "'D:\\肖畅工作\\ChuanchengProjecrs\\buyer_api_order\\yaml_test_api\\order.yaml'" ]
      }, {
        "name" : "test_case_temple[D:\\肖畅工作\\ChuanchengProjecrs\\buyer_api_order\\yaml_test_api\\order.yaml-test_selOrderQueue_loding]",
        "uid" : "ddd768035c7b2f24",
        "parentUid" : "cbf21ee610ffd376e0ce643a364ade80",
        "status" : "broken",
        "time" : {
          "start" : 1641872858125,
          "stop" : 1641872858204,
          "duration" : 79
        },
        "flaky" : false,
        "newFailed" : false,
        "parameters" : [ "'test_selOrderQueue_loding'", "'D:\\肖畅工作\\ChuanchengProjecrs\\buyer_api_order\\yaml_test_api\\order.yaml'" ]
      }, {
        "name" : "test_case_temple[D:\\肖畅工作\\ChuanchengProjecrs\\buyer_api_order\\yaml_test_api\\order.yaml-test_selOrderQueue]",
        "uid" : "477fc50d23acd2f6",
        "parentUid" : "cbf21ee610ffd376e0ce643a364ade80",
        "status" : "broken",
        "time" : {
          "start" : 1641872858237,
          "stop" : 1641872858309,
          "duration" : 72
        },
        "flaky" : false,
        "newFailed" : false,
        "parameters" : [ "'test_selOrderQueue'", "'D:\\肖畅工作\\ChuanchengProjecrs\\buyer_api_order\\yaml_test_api\\order.yaml'" ]
      }, {
        "name" : "test_case_temple[D:\\肖畅工作\\ChuanchengProjecrs\\buyer_api_order\\yaml_test_api\\order.yaml-test_readyForPay]",
        "uid" : "c05e61f10c984c01",
        "parentUid" : "cbf21ee610ffd376e0ce643a364ade80",
        "status" : "broken",
        "time" : {
          "start" : 1641872858366,
          "stop" : 1641872858465,
          "duration" : 99
        },
        "flaky" : false,
        "newFailed" : false,
        "parameters" : [ "'test_readyForPay'", "'D:\\肖畅工作\\ChuanchengProjecrs\\buyer_api_order\\yaml_test_api\\order.yaml'" ]
      }, {
        "name" : "test_case_temple[D:\\肖畅工作\\ChuanchengProjecrs\\buyer_api_order\\yaml_test_api\\order.yaml-test_balancePay]",
        "uid" : "507f79964663c431",
        "parentUid" : "cbf21ee610ffd376e0ce643a364ade80",
        "status" : "broken",
        "time" : {
          "start" : 1641872858498,
          "stop" : 1641872858645,
          "duration" : 147
        },
        "flaky" : false,
        "newFailed" : false,
        "parameters" : [ "'test_balancePay'", "'D:\\肖畅工作\\ChuanchengProjecrs\\buyer_api_order\\yaml_test_api\\order.yaml'" ]
      } ],
      "uid" : "cbf21ee610ffd376e0ce643a364ade80"
    } ],
    "uid" : "bdbf199525818fae7a8651db9eafe741"
  } ]
}