{
  "uid" : "83edc06c07f9ae9e47eb6dd1b683e4e2",
  "name" : "packages",
  "children" : [ {
    "name" : "test_case_temple.test_temple",
    "children" : [ {
      "name" : "test_case_temple[D:\\肖畅工作\\ChuanchengProjecrs\\buyer_api_order\\yaml_test_api\\buyer_login.yaml-test_login]",
      "uid" : "32cb0d84449e74b6",
      "parentUid" : "5dd3278a587857adf544ef84585ddca2",
      "status" : "passed",
      "time" : {
        "start" : 1641872857342,
        "stop" : 1641872857485,
        "duration" : 143
      },
      "flaky" : false,
      "newFailed" : false,
      "parameters" : [ "'test_login'", "'D:\\肖畅工作\\ChuanchengProjecrs\\buyer_api_order\\yaml_test_api\\buyer_login.yaml'" ]
    }, {
      "name" : "test_case_temple[D:\\肖畅工作\\ChuanchengProjecrs\\buyer_api_order\\yaml_test_api\\buyer_login.yaml-test_login_wrong_pwd]",
      "uid" : "3d703c4e646a2726",
      "parentUid" : "5dd3278a587857adf544ef84585ddca2",
      "status" : "passed",
      "time" : {
        "start" : 1641872857502,
        "stop" : 1641872857634,
        "duration" : 132
      },
      "flaky" : false,
      "newFailed" : false,
      "parameters" : [ "'test_login_wrong_pwd'", "'D:\\肖畅工作\\ChuanchengProjecrs\\buyer_api_order\\yaml_test_api\\buyer_login.yaml'" ]
    }, {
      "name" : "test_case_temple[D:\\肖畅工作\\ChuanchengProjecrs\\buyer_api_order\\yaml_test_api\\buyer_login.yaml-test_getUser]",
      "uid" : "529aab85ec3da39a",
      "parentUid" : "5dd3278a587857adf544ef84585ddca2",
      "status" : "passed",
      "time" : {
        "start" : 1641872857639,
        "stop" : 1641872858005,
        "duration" : 366
      },
      "flaky" : false,
      "newFailed" : false,
      "parameters" : [ "'test_getUser'", "'D:\\肖畅工作\\ChuanchengProjecrs\\buyer_api_order\\yaml_test_api\\buyer_login.yaml'" ]
    }, {
      "name" : "test_case_temple[D:\\肖畅工作\\ChuanchengProjecrs\\buyer_api_order\\yaml_test_api\\order.yaml-test_true_OrderQueue]",
      "uid" : "2aae00a04bbae99e",
      "parentUid" : "5dd3278a587857adf544ef84585ddca2",
      "status" : "broken",
      "time" : {
        "start" : 1641872858021,
        "stop" : 1641872858063,
        "duration" : 42
      },
      "flaky" : false,
      "newFailed" : false,
      "parameters" : [ "'test_true_OrderQueue'", "'D:\\肖畅工作\\ChuanchengProjecrs\\buyer_api_order\\yaml_test_api\\order.yaml'" ]
    }, {
      "name" : "test_case_temple[D:\\肖畅工作\\ChuanchengProjecrs\\buyer_api_order\\yaml_test_api\\order.yaml-test_selOrderQueue_loding]",
      "uid" : "ddd768035c7b2f24",
      "parentUid" : "5dd3278a587857adf544ef84585ddca2",
      "status" : "broken",
      "time" : {
        "start" : 1641872858125,
        "stop" : 1641872858204,
        "duration" : 79
      },
      "flaky" : false,
      "newFailed" : false,
      "parameters" : [ "'test_selOrderQueue_loding'", "'D:\\肖畅工作\\ChuanchengProjecrs\\buyer_api_order\\yaml_test_api\\order.yaml'" ]
    }, {
      "name" : "test_case_temple[D:\\肖畅工作\\ChuanchengProjecrs\\buyer_api_order\\yaml_test_api\\order.yaml-test_selOrderQueue]",
      "uid" : "477fc50d23acd2f6",
      "parentUid" : "5dd3278a587857adf544ef84585ddca2",
      "status" : "broken",
      "time" : {
        "start" : 1641872858237,
        "stop" : 1641872858309,
        "duration" : 72
      },
      "flaky" : false,
      "newFailed" : false,
      "parameters" : [ "'test_selOrderQueue'", "'D:\\肖畅工作\\ChuanchengProjecrs\\buyer_api_order\\yaml_test_api\\order.yaml'" ]
    }, {
      "name" : "test_case_temple[D:\\肖畅工作\\ChuanchengProjecrs\\buyer_api_order\\yaml_test_api\\order.yaml-test_readyForPay]",
      "uid" : "c05e61f10c984c01",
      "parentUid" : "5dd3278a587857adf544ef84585ddca2",
      "status" : "broken",
      "time" : {
        "start" : 1641872858366,
        "stop" : 1641872858465,
        "duration" : 99
      },
      "flaky" : false,
      "newFailed" : false,
      "parameters" : [ "'test_readyForPay'", "'D:\\肖畅工作\\ChuanchengProjecrs\\buyer_api_order\\yaml_test_api\\order.yaml'" ]
    }, {
      "name" : "test_case_temple[D:\\肖畅工作\\ChuanchengProjecrs\\buyer_api_order\\yaml_test_api\\order.yaml-test_balancePay]",
      "uid" : "507f79964663c431",
      "parentUid" : "5dd3278a587857adf544ef84585ddca2",
      "status" : "broken",
      "time" : {
        "start" : 1641872858498,
        "stop" : 1641872858645,
        "duration" : 147
      },
      "flaky" : false,
      "newFailed" : false,
      "parameters" : [ "'test_balancePay'", "'D:\\肖畅工作\\ChuanchengProjecrs\\buyer_api_order\\yaml_test_api\\order.yaml'" ]
    } ],
    "uid" : "test_case_temple.test_temple"
  } ]
}