{
  "2fe85c5cfc36c3bd16c9c416ebd4a113" : {
    "statistic" : {
      "failed" : 0,
      "broken" : 0,
      "skipped" : 0,
      "passed" : 1,
      "unknown" : 0,
      "total" : 1
    },
    "items" : [ {
      "uid" : "3d703c4e646a2726",
      "status" : "passed",
      "time" : {
        "start" : 1641872857502,
        "stop" : 1641872857634,
        "duration" : 132
      }
    } ]
  },
  "6e0ffd7af2e4907dcfb59901f35845ec" : {
    "statistic" : {
      "failed" : 0,
      "broken" : 1,
      "skipped" : 0,
      "passed" : 0,
      "unknown" : 0,
      "total" : 1
    },
    "items" : [ {
      "uid" : "507f79964663c431",
      "status" : "broken",
      "statusDetails" : "IndexError: list index out of range",
      "time" : {
        "start" : 1641872858498,
        "stop" : 1641872858645,
        "duration" : 147
      }
    } ]
  },
  "3bee16cc9fc42a576ea75801b9909d32" : {
    "statistic" : {
      "failed" : 0,
      "broken" : 1,
      "skipped" : 0,
      "passed" : 0,
      "unknown" : 0,
      "total" : 1
    },
    "items" : [ {
      "uid" : "2aae00a04bbae99e",
      "status" : "broken",
      "statusDetails" : "IndexError: list index out of range",
      "time" : {
        "start" : 1641872858021,
        "stop" : 1641872858063,
        "duration" : 42
      }
    } ]
  },
  "b6c76e197abf081400995c4ccac5aa69" : {
    "statistic" : {
      "failed" : 0,
      "broken" : 1,
      "skipped" : 0,
      "passed" : 0,
      "unknown" : 0,
      "total" : 1
    },
    "items" : [ {
      "uid" : "c05e61f10c984c01",
      "status" : "broken",
      "statusDetails" : "IndexError: list index out of range",
      "time" : {
        "start" : 1641872858366,
        "stop" : 1641872858465,
        "duration" : 99
      }
    } ]
  },
  "41a5a6b0b86b2918ae81090a07eb4784" : {
    "statistic" : {
      "failed" : 0,
      "broken" : 0,
      "skipped" : 0,
      "passed" : 1,
      "unknown" : 0,
      "total" : 1
    },
    "items" : [ {
      "uid" : "32cb0d84449e74b6",
      "status" : "passed",
      "time" : {
        "start" : 1641872857342,
        "stop" : 1641872857485,
        "duration" : 143
      }
    } ]
  },
  "de7f2ecc6fc3d3232323da0e4a3cd5b3" : {
    "statistic" : {
      "failed" : 0,
      "broken" : 1,
      "skipped" : 0,
      "passed" : 0,
      "unknown" : 0,
      "total" : 1
    },
    "items" : [ {
      "uid" : "ddd768035c7b2f24",
      "status" : "broken",
      "statusDetails" : "IndexError: list index out of range",
      "time" : {
        "start" : 1641872858125,
        "stop" : 1641872858204,
        "duration" : 79
      }
    } ]
  },
  "7ec492925d65f2beffc2d74c9fc1c7b5" : {
    "statistic" : {
      "failed" : 0,
      "broken" : 1,
      "skipped" : 0,
      "passed" : 0,
      "unknown" : 0,
      "total" : 1
    },
    "items" : [ {
      "uid" : "477fc50d23acd2f6",
      "status" : "broken",
      "statusDetails" : "IndexError: list index out of range",
      "time" : {
        "start" : 1641872858237,
        "stop" : 1641872858309,
        "duration" : 72
      }
    } ]
  },
  "1faf895bd256c4b4d2aa3962ce7122cd" : {
    "statistic" : {
      "failed" : 0,
      "broken" : 0,
      "skipped" : 0,
      "passed" : 1,
      "unknown" : 0,
      "total" : 1
    },
    "items" : [ {
      "uid" : "529aab85ec3da39a",
      "status" : "passed",
      "time" : {
        "start" : 1641872857639,
        "stop" : 1641872858005,
        "duration" : 366
      }
    } ]
  }
}